,id,SquareFeet,Bedrooms,Bathrooms,Neighborhood,YearBuilt,predicted_Price
0,5,2095,2,3,Suburb,2020,225350.953125
1,3,2294,2,1,Urban,1996,236106.359375
0,2,1860,2,1,Suburb,1970,193840.46875
0,4,2130,5,2,Suburb,2001,242951.0
0,10,1466,5,3,Suburb,1951,177475.34375
0,7,2044,4,3,Rural,1957,225772.359375
0,8,2638,4,3,Urban,1959,283980.15625
1,6,2724,2,1,Suburb,1993,276560.125
0,0,2126,4,1,Rural,1969,228872.859375
0,1,2459,3,2,Rural,1980,256949.078125
0,9,1121,5,2,Urban,2004,147828.890625
