id,SquareFeet,Bedrooms,Bathrooms,Neighborhood,YearBuilt
0,2126,4,1,Rural,1969
1,2459,3,2,Rural,1980
2,1860,2,1,Suburb,1970
3,2294,2,1,Urban,1996
4,2130,5,2,Suburb,2001
5,2095,2,3,Suburb,2020
6,2724,2,1,Suburb,1993
7,2044,4,3,Rural,1957
8,2638,4,3,Urban,1959
9,1121,5,2,Urban,2004
10,1466,5,3,Suburb,1951